date,version,lastUpdated,install,averagerating,ratingcount,trendingdaily,updateCount,weightedRating,downloadCount
2026-06-18,0.1.0,2026-06-17T16:15:38.18+00:00,1,5,1,0,1,4.45282799404955,17
2026-06-19,0.1.0,2026-06-17T16:15:38.18+00:00,3,5,1,0,7,4.4526559315498595,20
2026-06-20,0.1.0,2026-06-17T16:15:38.18+00:00,3,5,1,0,7,4.452444613040791,25
2026-06-21,0.1.0,2026-06-17T16:15:38.18+00:00,3,5,1,0,9,4.452423621517478,28
2026-06-22,0.1.0,2026-06-17T16:15:38.18+00:00,4,5,1,0,4,4.4522631504914045,32
2026-06-23,0.1.0,2026-06-17T16:15:38.18+00:00,4,5,1,0,4,4.452128667771303,34
2026-06-24,0.1.0,2026-06-17T16:15:38.18+00:00,4,5,1,0,4,4.452149995415788,36
2026-06-25,0.1.0,2026-06-17T16:15:38.18+00:00,5,5,1,0,1,4.4521336396519695,37
2026-06-26,0.1.0,2026-06-17T16:15:38.18+00:00,5,5,1,0,2,4.452177949331835,38
2026-06-27,0.1.0,2026-06-17T16:15:38.18+00:00,5,5,1,0,4,4.452105150673221,39
2026-06-28,0.1.0,2026-06-17T16:15:38.18+00:00,5,5,1,0,5,4.451953363447687,40
2026-06-29,0.1.0,2026-06-17T16:15:38.18+00:00,6,5,1,0,1,4.452002123880843,41
2026-06-30,0.1.0,2026-06-17T16:15:38.18+00:00,6,5,1,0,1,4.451831559937524,41
2026-07-01,0.1.0,2026-06-17T16:15:38.18+00:00,6,5,1,0,1,4.45188067603091,41
2026-07-02,0.1.0,2026-06-17T16:15:38.18+00:00,12,5,1,0,4,4.451774515002469,42
2026-07-03,0.1.0,2026-06-17T16:15:38.18+00:00,13,5,1,0,2,4.45166853549142,43
2026-07-04,0.1.0,2026-06-17T16:15:38.18+00:00,15,5,1,0,12,4.451678150835573,44
2026-07-05,0.1.0,2026-06-17T16:15:38.18+00:00,16,5,1,0,11,4.451582051000889,45
2026-07-06,0.1.0,2026-06-17T16:15:38.18+00:00,16,5,1,0,11,4.451540803897686,45
2026-07-07,0.1.0,2026-06-17T16:15:38.18+00:00,17,5,1,0,6,4.451534743275986,45
2026-07-08,0.1.0,2026-06-17T16:15:38.18+00:00,18,5,1,0,2,4.451487450398033,45
2026-07-09,0.1.0,2026-06-17T16:15:38.18+00:00,19,5,1,0,4,4.451488654825578,45
2026-07-10,0.1.0,2026-06-17T16:15:38.18+00:00,19,5,1,0,4,4.451504792954114,46
2026-07-11,0.1.0,2026-06-17T16:15:38.18+00:00,20,5,1,0,25,4.451515612173543,47
2026-07-12,0.1.0,2026-06-17T16:15:38.18+00:00,21,5,3,0,204,4.4514054369498615,47
2026-07-13,0.1.0,2026-06-17T16:15:38.18+00:00,21,5,3,0,15,4.451434509665696,48
2026-07-14,0.1.0,2026-06-17T16:15:38.18+00:00,22,5,3,0,2,4.451424960966215,49
2026-07-15,0.1.0,2026-06-17T16:15:38.18+00:00,22,5,3,0,15,4.451437177750922,50
2026-07-16,0.1.0,2026-06-17T16:15:38.18+00:00,25,5,1,0,8,4.451444286598915,51
2026-07-17,0.1.0,2026-06-17T16:15:38.18+00:00,26,5,1,0,16,4.451211963052423,52
2026-07-18,0.1.0,2026-06-17T16:15:38.18+00:00,26,5,1,0,6,4.451189992295232,54
2026-07-19,0.1.0,2026-06-17T16:15:38.18+00:00,26,5,1,0,6,4.45117246733711,54
2026-07-20,0.1.0,2026-06-17T16:15:38.18+00:00,27,5,1,0,12,4.451171590743705,55
2026-07-21,0.1.0,2026-06-17T16:15:38.18+00:00,28,5,1,0,12,4.451169163428252,55
2026-07-22,0.1.0,2026-06-17T16:15:38.18+00:00,29,5,1,0,34,4.451255946429113,58
2026-07-23,0.1.0,2026-06-17T16:15:38.18+00:00,31,5,1,0,25,4.4513326871819725,59
2026-07-24,0.1.0,2026-06-17T16:15:38.18+00:00,33,5,1,0,5,4.45144978440967,59
2026-07-25,0.1.0,2026-06-17T16:15:38.18+00:00,33,5,1,0,16,4.4513137183678415,60
2026-07-26,0.1.0,2026-06-17T16:15:38.18+00:00,34,5,1,0,2,4.451337610458782,61
2026-07-27,0.1.0,2026-06-17T16:15:38.18+00:00,34,5,1,0,2,4.451300548300027,62
2026-07-28,0.1.0,2026-06-17T16:15:38.18+00:00,36,5,1,0,82,4.451392585781348,63
2026-07-29,0.1.0,2026-06-17T16:15:38.18+00:00,37,5,1,0,5,4.451414886089423,63
2026-07-30,0.1.0,2026-06-17T16:15:38.18+00:00,38,5,1,0,5,4.451381415875703,64
2026-07-31,0.1.0,2026-06-17T16:15:38.18+00:00,38,5,1,0,5,4.451357493411987,67
2026-08-01,0.1.0,2026-06-17T16:15:38.18+00:00,39,5,1,0,41,4.451322674594255,69
2026-08-02,0.1.0,2026-06-17T16:15:38.18+00:00,39,5,1,0,41,4.451429330884663,70
2026-08-03,0.1.0,2026-06-17T16:15:38.18+00:00,39,5,1,0,210,4.451450006342457,70
2026-08-04,0.1.0,2026-06-17T16:15:38.18+00:00,39,5,1,0,5,4.451469531452864,72
2026-08-05,0.1.0,2026-06-17T16:15:38.18+00:00,40,5,1,0,211,4.451517676035931,72
2026-08-06,0.1.0,2026-06-17T16:15:38.18+00:00,41,5,1,0,5,4.451517676035931,73
2026-08-07,0.1.0,2026-06-17T16:15:38.18+00:00,42,5,1,0,41,4.451471856511329,73
2026-08-08,0.1.0,2026-06-17T16:15:38.18+00:00,42,5,1,0,30,4.451534334117079,74
2026-08-09,0.1.0,2026-06-17T16:15:38.18+00:00,42,5,1,0,30,4.451588794059502,75
2026-08-10,0.1.0,2026-06-17T16:15:38.18+00:00,44,5,3,0,5,4.451375295867789,76
2026-08-11,0.1.0,2026-06-17T16:15:38.18+00:00,45,5,2,0,13,4.451526416310694,76
2026-08-12,0.1.0,2026-06-17T16:15:38.18+00:00,47,5,4,0,271,4.451527600414428,77
2026-08-13,0.1.0,2026-06-17T16:15:38.18+00:00,47,4,1,0,273,4.451512487656848,79
2026-08-14,0.1.0,2026-06-17T16:15:38.18+00:00,47,5,1,0,274,4.451505338806563,79
2026-08-15,0.1.0,2026-06-17T16:15:38.18+00:00,47,4,1,0,275,4.451513328118419,81
2026-08-16,0.1.0,2026-06-17T16:15:38.18+00:00,47,5,1,0,276,4.4515605072550954,82
2026-08-17,0.1.0,2026-06-17T16:15:38.18+00:00,47,5,2,0,6,4.4515605072550954,82
2026-08-18,0.1.0,2026-06-17T16:15:38.18+00:00,48,5,2,0,281,4.451551611138169,84
2026-08-19,0.1.0,2026-06-17T16:15:38.18+00:00,48,5,2,0,6,4.451507610185385,85
2026-08-20,0.1.0,2026-06-17T16:15:38.18+00:00,50,5,1,0,290,4.4514824473902435,87
2026-08-21,0.1.0,2026-06-17T16:15:38.18+00:00,50,5,1,0,295,4.451494509719119,87
2026-08-22,0.1.0,2026-06-17T16:15:38.18+00:00,51,5,1,0,10,4.451464530617637,89
2026-08-23,0.1.0,2026-06-17T16:15:38.18+00:00,53,5,1,0,9,4.451493030124749,89
2026-08-24,0.1.0,2026-06-17T16:15:38.18+00:00,54,5,1,0,7,4.451501764663513,91
2026-08-25,0.1.0,2026-06-17T16:15:38.18+00:00,56,5,2,0,7,4.451528698730835,92
2026-08-26,0.1.0,2026-06-17T16:15:38.18+00:00,62,5,1,0,52,4.451556782050513,92
2026-08-27,0.1.0,2026-06-17T16:15:38.18+00:00,62,5,1,0,52,4.451494506548961,95
2026-08-28,0.1.0,2026-06-17T16:15:38.18+00:00,64,5,1,0,25,4.451384726052032,96
2026-08-29,0.1.0,2026-06-17T16:15:38.18+00:00,65,5,1,0,1,4.451384726052032,97
2026-08-30,0.1.0,2026-06-17T16:15:38.18+00:00,65,5,1,0,1,4.451384602477363,97
2026-08-31,0.1.0,2026-06-17T16:15:38.18+00:00,66,5,1,0,15,4.451384602477363,99
2026-09-01,0.1.0,2026-06-17T16:15:38.18+00:00,68,5,1,0,16,4.451384602477363,99
2026-09-02,0.1.0,2026-06-17T16:15:38.18+00:00,69,5,1,0,16,4.451384602477363,100
